salary,cname,pname,dlink,workplace,experience,publictime,education,welfare,requirement,nature,scale,ctype3-4.5千/月,上海萨莉亚餐饮有限公司,杭州急聘包食宿服务员,https://jobs.51job.com/hangzhou/110261373.html?s=01&t=0,杭州,无工作经验,08-11发布,没有学历要求,做五休二，弹性工作，五险一金，包住宿，全勤奖，节日福利，专业培训，免费班车，餐饮补贴，加班补贴,暑假工不要，不要;1、我们对你的要求是：;（1）年满16周岁，男女不限，身体健康；;（2）身高：男165cm以上，女155cm以上；;;2、我们希望你完成的工作是：;服从工作安排，完成门店前厅服务员、收银或者传菜生相关工作；;后厨学徒完成厨师长指定切配等后厨辅助性工作；;;3、我们为你提供的福利是：;（1）工资结算：底薪薪资4000-4500元/月，节假日三薪;（2）免费提供工作餐；;提供酒店式公寓住宿，个人承担住宿部分：500元/月；水电费均摊;（3）工作时间:八小时;7:00--15:00；14:00--22:00，月休4天;（4）加班部分：1.5倍薪资计算;具体工作地点：杭州区域门店皆可就近分配;我们这个年轻有活力的团队，期待您的加入！,外资（欧美）,10000人以上,餐饮业,生活服务salary,cname,pname,dlink,workplace,experience,publictime,education,welfare,requirement,nature,scale,ctype5-6千/月,浙江彩捷科技有限公司,
				电商仓库发货打包管理员								,https://jobs.51job.com/hangzhou-xhq/116077487.html?s=01&t=0,杭州-西湖区,1年经验,08-11发布,没有学历要求,绩效奖金，交通补贴，餐饮补贴，通讯补贴，节日福利，住房补贴，高温补贴，五险一金,岗位职责：;1、执行物资管理中与仓库有关的SOP，确保仓库作业顺利进行；;2、负责仓库日常物资的验收、入库、码放、保管、盘点、对账等工作；;3、负责仓库日常物资的拣选、复核、装车及发运工作；;4、负责保持仓内货品和环境的清洁、整齐和卫生工作；;5、负责相关单证的保管与存档；;6、仓库数据的统计、存档、帐务和系统数据的输入；;7、部门主管交办的其它事宜。;任职资格：;1、中专及以上学历，物流仓储类相关专业；;2、1年以上相关领域实际业务操作经验，有外企相关领域工作经历者优先考虑；;3、熟悉仓库进出货操作流程，具备物资保管专业知识和技能；;4、熟悉电脑办公软件操作,懂得【电商发货ERP系统】操作者优先考虑；;5、积极耐劳、责任心强、具有合作和创新精神。;工作时间：;9-18点,民营公司,50-150人,批发/零售salary,cname,pname,dlink,workplace,experience,publictime,education,welfare,requirement,nature,scale,ctype0.8-1万/月,杭州华元广告策划有限公司,运营课程顾问10k+/晋升透明,https://jobs.51job.com/hangzhou-yhq/116080454.html?s=01&t=0,杭州-余杭区,无工作经验,08-11发布,没有学历要求,社保，稳定收入，就近安排,公司经营业务：;专注为电商人提供专业原创的电商资讯、知识。同时在电商培训行业为众多淘宝与天猫店铺提供 ;了优质服务及电商营销解决方案。;薪资情况：无责底薪3.5k-4k，提成5%-18%，呈阶梯式上涨。;收入情况：1-2W/月;年龄：30周岁以下;学历：大专及大专以上学历（接受应届毕业生）;岗位职责：;1、负责电商培训业务招商，通过网络推广和电话相结合的方式销售公司产品，积极开展 ;业务；;2、负责搜集新客户的资料并进行沟通，开发潜在客户，维护并提升客户关系，完成销售 ;目标；;3、配合销售主管落实执行公司的销售管理和实施方案，不断提高业务销售水平；;4、从销售和客户需求的角度，对新营销流量包产品的优化提供建议；;5、定期与合作客户进行沟通，了解客户全年的营销推广计划，建立良好的长期合作关系 ;。,民营公司,50-150人,贸易/进出口,专业服务(咨询、人力资源、财会)salary,cname,pname,dlink,workplace,experience,publictime,education,welfare,requirement,nature,scale,ctype0.4-1万/月,杭州惠广环保科技有限公司,销售实习生/销售专员/,https://jobs.51job.com/hangzhou/111846575.html?s=01&t=0,杭州,无工作经验,08-11发布,初中及以下,带薪年假，包吃，包住宿，绩效奖金，节日福利，专业培训，通讯补贴，高温补贴，出国机会，五险一金,  岗位职责;1、负责指定区域的市场开发、客户维护和销售管理等工作。;2、负责所属区域的产品宣传、推广和销售，完成销售的任务指标。;3、制定自己的销售计划，并按计划拜访客户和开发新客户。;4、搜集与寻找***，建立客户档案。 ;5、协助销售主管制定销售策略、销售计划，以及量化销售目标。;6、制定销售费用的预算，控制销售成本，提高销售利润。;7、做好销售合同的签订、履行与管理等相关工作，以及协调处理各类市场问题。;8、汇总与协调货源需求计划，以及制定货源调配计划。;9、接待来访客户，以及综合协调日常销售事务。;福利待遇;包食宿、绩效奖金、节日福利、通讯补贴、高温补贴、年度分红假、带薪年假、五险+年假+婚假（产假）;                                                                                                                           旅游奖+全勤奖+员工家庭困难可申请补助; ,民营公司,少于50人,环保,快速消费品(食品、饮料、化妆品)salary,cname,pname,dlink,workplace,experience,publictime,education,welfare,requirement,nature,scale,ctype4-5千/月,杭州腾茂网络科技有限公司,运营助理,https://jobs.51job.com/hangzhou-jgq/107654803.html?s=01&t=0,杭州-江干区,1年经验,08-11发布,大专,五险一金，餐饮补贴，通讯补贴，绩效奖金，周末双休,任职要求：,民营公司,50-150人,互联网/电子商务,家具/家电/玩具/礼品salary,cname,pname,dlink,workplace,experience,publictime,education,welfare,requirement,nature,scale,ctype10-15万/年,杭州中凤装饰工程设计有限公司,工程总监,https://jobs.51job.com/hangzhou-xsq/116080246.html?s=01&t=0,杭州-萧山区,5-7年经验,08-11发布,高中,五险一金，专业培训，通讯补贴，绩效奖金，交通补贴,工作内容：1、负责协助上级制定工地督查计划；;2、负责巡查各大区工地，形成巡查报告，对于不合格项目进行处理；;3、不断学习和改进施工工艺标准，形成标准性文件；;4、负责下级人员的工作检查、考核，并给予必要的指导和帮助；;5、负责梳理工程后勤、工程端口的档案合同等文件的规范标准；;任职要求：;1、高中及以上学历；熟悉水电、泥工、油漆工艺等；具有电工证等专业资质证书；;2、具有3年及以上管理经验；具有5年以上工地相关工作经验；;3、现工作地：杭州；能适应短期出差；,民营公司,少于50人,建筑/建材/工程,生活服务salary,cname,pname,dlink,workplace,experience,publictime,education,welfare,requirement,nature,scale,ctype0.5-1.5万/月,东誉达（杭州）工业产品设计有限公司,资深外观设计/工业产品设计,https://jobs.51job.com/hangzhou-yhq/115748143.html?s=01&t=0,杭州-余杭区,3-4年经验,艺术设计 工业设计,没有学历要求,五险一金，员工旅游，专业培训，出国机会，绩效奖金，年终奖金,1、工业设计专业专科及以上学历，有3年以上本专业工作经验;;2、有扎实的产品设计功底，有优秀的创造和创新能力以及手绘表现力;;3、熟悉产品设计开发流程,对结构、材料和工艺相当了解;;4、有良好的组织、沟通能力和团队协作意识。;5、从事过办公家具、健身按摩产品，以及家电、设备等领域的优先录取;岗位要求1、3年以上工业设计经验;在其中某一领域有过成功的案例。2、能用手绘的方式做通畅的设计表达与交流;3、熟练使用rhinoceros,photoshop,3dsmax,illustrator，此为基本要求，有其他附加技能者优先;4、对相关结构生产工艺有一定了解;对于色彩，材质选择有良好的认知;5、对市场需要有一定的认知和把握;;6、有团队协作精神、责任心，能承受较大压力，有高度责任感，具有良好的团队精神及敬业态度，对设计充满热情。;7、工作地点：杭州余杭区未来科技城。请附上个人作品（2m以内）,民营公司,少于50人,计算机软件,家居/室内设计/装潢salary,cname,pname,dlink,workplace,experience,publictime,education,welfare,requirement,nature,scale,ctype0.8-1万/月,杭州志卓科技股份有限公司,销售专员 底薪4000 双休 五险一金,https://jobs.51job.com/hangzhou-xhq/68794378.html?s=01&t=0,杭州-西湖区,无工作经验,08-11发布,大专,周末双休，绩效奖金，全勤奖，节日福利，五险一金,岗位职责：;1、完成销售目标。选择合适的行业，收集有效客户信息，完成团队业绩目标。;2、电话沟通，拜访客户。根据老客户资料，对客户资源进行行业的细分，了解客户需求，分析客户意向，进行电话沟通、客户拜访，提升个人业绩。;任职要求：;1、有本行业销售经验者优先考虑；;2、精通公司产品知识，熟悉营销、管理相关知识；;3、具有强烈的销售欲望及良好的市场敏锐度；;4、较强的团队影响能力，善于把握他人的态度和观点，良好的人际理解力。;无责任底薪4K~;底薪4-6K;电话联系：0571-87357443    徐 15088769185 （微信同此号）,民营公司,150-500人,互联网/电子商务,计算机服务(系统、数据服务、维修)salary,cname,pname,dlink,workplace,experience,publictime,education,welfare,requirement,nature,scale,ctype6-8千/月,杭州锦圣进出口有限公司,外贸业务员+双休+年终奖,https://jobs.51job.com/hangzhou-bjq/111456707.html?s=01&t=0,杭州-滨江区,1年经验,机械设计制造及其自动化 电气工程及其自动化,没有学历要求,做五休二，周末双休，弹性工作，五险一金，绩效奖金，专业培训，节日福利,1、有阿里巴巴等平台操作经验优先，熟悉外贸完整交易流程者优先；有互联网思维者优先；;2、要有一定的语言基础，能熟练应用英语进行口头，书面表达；;3、对新兴，客户端新媒体有熟悉和操作能力！;任职要求：;1、 大专以上学历，跟国外直接英文沟通；要有一定的英语口语和书写基础；;2、 有机电，工具从业行业的优先；;3、 工作认真细心，积极主动，吃苦耐劳，有责任心和团队合作精神；;非必须但可加分项目：;1、 有国外知名工具类企业或其国内办事处从业经验者；;2、 对工具类某个或多个细分产业做到非常精通的；;3、 在国内工具类外贸企业从业1年以上的;福利待遇：;1、薪酬：基本工资+年终奖;2、福利：生日福利、节日福利、定期体检、员工旅游、带薪年休假;3、工作时间：周一至周五（8:30-18:30）;4、休息日：双休、及法定节假日;5. 弹性工作时间,民营公司,少于50人,贸易/进出口salary,cname,pname,dlink,workplace,experience,publictime,education,welfare,requirement,nature,scale,ctype0.8-1万/月,嘉兴市诺诺房地产经纪有限公司,电话销售专员+包住+无试用期,https://jobs.51job.com/hangzhou-yhq/115810903.html?s=01&t=0,杭州-余杭区,无工作经验,08-11发布,初中及以下,,1、运用公司平台与公司客户进行专业的沟通；;2、利用公司提供的客户资源进行筛选有效客户并跟进成交；;3、配合案场人员做好客户的售后服务。;我们将为您提供：;1、薪资提成：无责任底薪+高额提成（1.5万-3万），月收入不少于万元；;2、免费提供住宿（精装修式小区房，内有独卫，厨房，冰箱，空调，洗衣机，无线网等等），不定期聚餐，每年2次国内外旅游，20天带薪年假，年终奖，免费体检，生日礼包，开年红包，春节来回路费报销，中秋、元宵等法定节假日都有各种福利。;3、带薪培训，不需要你有销售经验，只要愿意努力积极。;任职要求：;1、年龄：18-35岁，普通话标准；;2、较强的沟通能力，服务意识，团队合作精神，抗压能力.;公司福利：;1.包住食宿、每天8小时;2.带薪年假20天，有年终奖，生日红包，节日福利品;3.每年2次带薪旅游;4.每年免费健康体检;5.带薪培训，工作环境好,民营公司,150-500人,房地产salary,cname,pname,dlink,workplace,experience,publictime,education,welfare,requirement,nature,scale,ctype0.4-1.5万/月,杭州鸿韵装饰设计有限公司,家具导购,https://jobs.51job.com/hangzhou-bjq/112663078.html?s=01&t=0,杭州-滨江区,1年经验,08-11发布,高中,五险一金，绩效奖金，节日福利，专业培训,1、结合公司产品的特点，为客户建立专业、个性化的咨询服务；;2、定期做好客户回访，维护老客户，同时积极地为客户解答各类产品的相关问题；;3、学习新发行产品的相关知识，及时向客户传达各类产品的相关信息；;4、按时统计产品销售情况并及时汇报销售业绩；;5、遵守公司制度及岗位职业操守。;职位要求：;1、年龄20--35周岁之间；;2、高中以上学历，营销专业优先；;3、1年以上销售工作经验，有销售行业背景者优先；;4、具有良好的沟通能力、人际交往及客户关系维系能力；;5、有一定的抗压能力，有激情，有抱负，勇于挑战高薪；;                                                ;6、思维活跃，有创新，具有良好的理解能力和团队精神，执行力强；,民营公司,150-500人,家居/室内设计/装潢,家具/家电/玩具/礼品salary,cname,pname,dlink,workplace,experience,publictime,education,welfare,requirement,nature,scale,ctype0.8-1万/月,杭州电视台《阳光少年》栏目组,课程顾问,https://jobs.51job.com/hangzhou-scq/110205386.html?s=01&t=0,杭州-上城区,2年经验,普通话熟练,没有学历要求,,1：熟知培训课程的具体内容，负责课程的推广工作并向顾客提供专业的课程体系讲解。;2：接听来访电话，提供或接受客户的课程咨询。;3：按时完成工作计划及每月课程销售任务，维护潜在顾客以及学员数据库。;4：跟进课程费用的支付流程，与学生建立良好的关系，帮助学生完成学习目标。;5：及时了解和帮助学员解决在学习过程中遇到的问题，与学员建立良好的关系。;6：及时做好客户的回访以及跟进工作，与客户建立良好的关系,民营公司,少于50人,教育/培训/院校,影视/媒体/艺术/文化传播salary,cname,pname,dlink,workplace,experience,publictime,education,welfare,requirement,nature,scale,ctype0.8-1.5万/月,杭州皓易信息科技有限公司,APP开发工程师,https://jobs.51job.com/hangzhou-bjq/114155158.html?s=01&t=0,杭州-滨江区,2年经验,08-11发布,本科,,专业技能：;1.熟练掌握原生HTML5+CSS3技术,能熟练使用JQuery类库，至少熟练掌握一种js框架(JQuery\EasyUI\MUI\Angular\DHtmlx)。;2.掌握IOS、Android开发工具和测试工具的使用。;岗位职责：;1、负责智慧基建相关app应用开发;2、维护和升级现有app应用，快速定位并修复缺陷。,民营公司,少于50人,计算机软件,计算机服务(系统、数据服务、维修)salary,cname,pname,dlink,workplace,experience,publictime,education,welfare,requirement,nature,scale,ctype2.5-3.5万/月,中飞航空工业股份有限公司,大区总监,https://jobs.51job.com/hangzhou-bjq/116078826.html?s=01&t=0,杭州-滨江区,5-7年经验,08-11发布,本科,,基本要求：;1，年龄30-35岁，沟通能力强，勤奋能吃苦，知识面丰富；;2，具有本科及以上学历；;3，具备5-10年的专业销售经验；;4，有一定生活阅历，具备一定的社会资源；;5，有大型医疗设备，医疗器械者销售经验者优先；;6，有大客户经理或项目经理经历者优先；;7，工作思路清晰，积极主动，善于挖掘并及时满足客户需求，具备良好的商务礼仪；;8，具有客户至上的服务意识，能够把握时机，拿捏分寸为客户提供“保姆式”服务；;9，形象气质俱佳，***身高要求165以上，***身高要求175以上；;10，能适应出差或外派，且***者优先；,合资,500-1000人,政府/公共事业,航天/航空salary,cname,pname,dlink,workplace,experience,publictime,education,welfare,requirement,nature,scale,ctype1-1.5万/月,浙江同花顺云软件有限公司,金融销售实习生/无责4600/带薪培训,https://jobs.51job.com/hangzhou-xhq/99059501.html?s=01&t=0,杭州-西湖区,无工作经验,08-11发布,大专,带薪年假，五险一金，包吃，绩效奖金，全勤奖，节日福利，专业培训，员工旅游,不甘平庸，想要挑战高薪？;平台不够好，看不到前景？;领导空降，晋升困难？;为什么不来同花顺试试？！！！;1、通过电话与同花顺已有用户进行有效沟通，了解用户需求, 推广软件增值业务；;2、维护老客户的业务，挖掘客户的最大潜力；;3、定期与合作客户进行沟通，做升级和续费，稳定可预期;1、口齿清晰，普通话流利，语音富有感染力；;2、性格坚韧，思维敏捷，具备良好的应变能力和承压能力；;3、当然最重要的是，要对销售工作有热情有激情！;没有经验？那都不是问题，我们提供专业培训！;1、;（有相关资格证书：证券从业资格证、投资顾问证，另有200-500补贴）；;2、公司提供完善的五险一金（包括养老、医疗、失业、工伤、生育保险及住房公积金）；;3、传统佳节礼品发放（端午节、中秋节等），每年法定节假日及带薪年假；;4、每年为在职员工安排免费健康体检，保障员工身心健康。;。。。。。。免费班车、健身房等福利等等更多福利等你来领！;1、管理路线：产品专员—销售主管—销售经理-销售总监;2、专业路线：产品专员-投资顾问;3、横向转岗：人事、行政、客服、合规等等;公开公平公正的考核制度可以让你的职业规划更加清晰！;入职前（岗前）：2周学习基本知识，了解公司，掌握基础知识（入职后从培训第一天开始就带薪培训）;入职后：分配导师，做一对一专业技能辅导;1-180天员工培养计划：不同阶段制定专业培训计划（专业认证讲师授课），可以在互联网金融行业学的专业，有深度。;地址一：杭州市西湖区翠柏路7号电子商务产业园2号楼2楼（一层）;（公交车站：翠苑一区、宋江村 地铁口：2号线学院路B出口）;地址二：杭州市余杭区未来科技城，同花顺园区。;（公交车站：文一西路荆长大道口）,上市公司,1000-5000人,计算机软件salary,cname,pname,dlink,workplace,experience,publictime,education,welfare,requirement,nature,scale,ctype1-2.5千/月,杭州解构广告设计有限公司,平面设计实习生,https://jobs.51job.com/hangzhou/110720198.html?s=01&t=0,杭州,无工作经验,08-11发布,大专,,平面设计实习生;职位类别：美术/设计/创意 广告;工作经验：不限 最低学历： 大专;管理经验：否 工作性质：实习;招聘人数：1人;1、大专以上视觉传达毕业，稳定的实习时间（3个月以上）;2、为在校实习生提供实习机会。,民营公司,少于50人,广告salary,cname,pname,dlink,workplace,experience,publictime,education,welfare,requirement,nature,scale,ctype0.6-1万/月,杭州璟泰智能科技有限公司,
				试用期无责底薪4000包住宿+提成奖金/销售								,https://jobs.51job.com/hangzhou-xsq/110391996.html?s=01&t=0,杭州-萧山区,无工作经验,08-11发布,大专,五险一金，专业培训，出国机会，员工旅游，绩效奖金，年终奖金，弹性工作，带薪培训，福利补贴,岗位职责：;1.负责客户深度开发与销售工作，并完成公司年度销售计划；;2.与客户保持良好沟通，实时把握客户需求；;3.能独立处理销售业务协商及合同签订等事宜。;岗位要求：;1.对销售工作有热情，具备优秀的表达能力和商务沟通能力；;2. 有较强的学习能力，具备良好的应变能力和承压能力。;无责底薪4000+25%提成+绩效奖金+社保+节假日福利+不定期团建活动！;福利待遇：;1.免费提供系统化一对一带薪培训，无经验者无需担心；;2.免费提供住宿，公司附近，家电齐全；;联系人：陈小姐（15356116982）;联系电话：0571-83816873;（有意者可直接添加）;公司地址：杭州市萧山区市心中路819号绿都世贸广场写字楼19楼（地铁人民广场站）,民营公司,50-150人,批发/零售,贸易/进出口salary,cname,pname,dlink,workplace,experience,publictime,education,welfare,requirement,nature,scale,ctype480元/天,锦江区乐彩服装店,各季中大小码服装拍摄可无经验,https://jobs.51job.com/hangzhou-xhq/116076577.html?s=01&t=0,杭州-西湖区,无工作经验,08-11发布,没有学历要求,弹性工作，五险一金，带薪年假，节日福利，周末双休,喜欢拍照，有无经验均可。无论是骨感，微胖，辣妈，甜美可爱，小萝莉，中老年妈妈，业余时间多者，爱好拍照者有兴趣都可以参加，身高体重没有固定的要求，整体条件好可放宽限制。为社会广大爱自拍，喜欢热爱摄影行业，生活积极向上者搭建平台。;招聘职位：面向大众化的模特(可微胖大码）;微胖大码服装：（要求：身材相对偏胖一些，主要拍摄大码服饰）;新款试衣：（主要为商家展示未上市新款服装；拍摄各季服装，鞋子、包包、首饰、护肤品等，良好演绎产品特色）;平面拍摄：（主要拍摄杂志封面广告、服装广告、画册、饰品广告等）;局部拍摄：（主要就是彩妆，发型，手部，脚部，等等）;产品摄影：（如珠宝、旗袍、饰品等）;职位要求：;女生身高155以上，年龄18-38岁! 男生身高175以上，年龄18-28岁，上镜感强，微胖均可，喜欢拍照，爱表现，守时守信。有无经验均可，摄影师会指导摆一些简单的pose.;有意应聘可投递简历，会及时回复你！,民营公司,50-150人,服装/纺织/皮革,批发/零售salary,cname,pname,dlink,workplace,experience,publictime,education,welfare,requirement,nature,scale,ctype0.8-1万/月,杭州嘉惠灯饰有限公司,销售精英,https://jobs.51job.com/hangzhou-bjq/109064215.html?s=01&t=0,杭州-滨江区,2年经验,普通话熟练,没有学历要求,交通补贴，专业培训，餐饮补贴，加班补贴，通讯补贴，社保,1.表达能力强，具有较强沟通能力及交际技巧，有亲和力;2.有灯具，家具，建材等相关行业销售经验者优先。男女不限;工作地址：杭州滨江滨江周边第六空间灯天下;联系电话：18857156999 叶先生;工作时间：8:30-17:00,民营公司,50-150人,家具/家电/玩具/礼品salary,cname,pname,dlink,workplace,experience,publictime,education,welfare,requirement,nature,scale,ctype6-8千/月,杭州橙果科技有限公司,
				亚马逊运营专员（服装）								,https://jobs.51job.com/hangzhou/113338741.html?s=01&t=0,杭州,1年经验,英语良好,没有学历要求,五险一金，年终奖金，绩效奖金，弹性工作，专业培训，员工旅游,岗位职责：;1、研究Amazon平台行业的产品需求情况，制定相应产品的开发及销售方案；;2、负责产品上传、编辑和优化；;3、与客户良好的沟通，解决客户的疑问，及时回复客户的问题，避免客户投诉以及投诉的妥善处理；;4、及时处理客户订单，整理出货资料，做好客户跟进；;5、负责收集、分析市场情报及竞争对手状况、制定推广计划；;6、完善店铺各自政策与制度，保持店铺的好评率和良好的信用度，制作销售明细报表，进行销售分析。; ; ;任职要求：;1、本科及以上学历，英语CET4-6级有留学经验优先。;2、有1年以上跨境运营相关工作经验优先，无经验勿投。;3、吃苦耐劳，做事细致有耐心，具备团队合作精神和独立处事能力。;4、有较好的沟通调节能力，善于在沟通中解决问题。;我们的福利：;1、具有竞争力的薪酬制度，福利待遇：;2、假日福利：国家法定节假日，带薪休年假，婚假，产假;3、5-15天带薪年假;4、员工关怀：生日活动pary，各种团建活动，中秋、端午，年货福利，半年度旅游、季度拓展活动、定期聚餐活动;5、办公环境：5A级写字楼，周围地铁交通便利，办公环境高端大气上档次，冰箱、空调、饮水机、微波炉、餐桌、零食铺等完善的生活设施;    ;6、企业文化：高效、公正、有明确的工作目标，团结温馨的团队氛围;做自己喜欢并擅长的工作，不仅仅能给你带来丰厚的回报，更能带来十足的快乐和幸福。我们为你提供多元化的培养模式与能力发挥的平台，让你未来获得更多发展可能。橙果科技立足互联网，征战全球市场，我们不断努力，一步一步地向梦想靠近。;此刻，我们期待你的加入，一起谱写新的故事！,民营公司,少于50人,互联网/电子商务salary,cname,pname,dlink,workplace,experience,publictime,education,welfare,requirement,nature,scale,ctype10-15万/年,杭州初墨网络科技有限公司,
				招商专员								,https://jobs.51job.com/hangzhou-yhq/116080762.html?s=01&t=0,杭州-余杭区,无工作经验,08-11发布,中专,五险一金，员工旅游，通讯补贴，餐饮补贴，绩效奖金，弹性工作,,民营公司,少于50人,互联网/电子商务salary,cname,pname,dlink,workplace,experience,publictime,education,welfare,requirement,nature,scale,ctype10-15万/年,杭州昊之晟进出口有限公司,外贸业务员,https://jobs.51job.com/hangzhou-xsq/87627689.html?s=01&t=0,杭州-萧山区,2年经验,08-11发布,没有学历要求,做五休二，周末双休，五险一金，免费班车，绩效奖金，节日福利，交通补贴，餐饮补贴，通讯补贴，高温补贴,任职资格：;一、基本要求：热爱外贸事业，敢于挑战自我，能吃苦耐劳，勤奋务实，积极主动，具有良好的团队合作精神，拥有高度的执行力，能承受较强的工作压力，稳定性强。立志长期从事外贸行业。;二、学历专业要求：专科以上学历，国际贸易、市场营销及相关专业。男女不限；;三、专业素质要求：;1、优秀的英文听说读写能力，能够快速熟练地书写商务英文信函，口语良好；;2、精通外贸流程，能够掌握从寻找客户到最后交单退税的一个整体流程。;3、熟知对外贸易规章、政策；报关、货运、保险、检验等手续；各国关税制度以及非关税方面的规定；国际汇兑、支付方面的知识。;4、熟悉国际贸易法律、法规、公约与惯例等。;四、经验要求：具有1年及以上国际贸易工作经验者。从事过家居行业者优先。;工作描述：;1、利用每年两届广交会开拓海外市场，寻求跟踪海外客户，整理并回复询盘并做好后期跟进工作；;2、及时了解市场信息；;3、保持与客户良好的沟通，维护好老客户关系，负责产品的国外市场的推广与销售；;4、掌握客户需求，主动开拓，完成上级下达的任务指标；;5、收集业务信息，掌握市场动态，及时向领导汇报行情；;6、积极与生产部门沟通协调，保证货物按时出口。;公司简介,民营公司,50-150人,贸易/进出口salary,cname,pname,dlink,workplace,experience,publictime,education,welfare,requirement,nature,scale,ctype6-8千/月,苏州堪赛尔生物技术有限公司,生物医药销售,https://jobs.51job.com/hangzhou-xhq/115773588.html?s=01&t=0,杭州-西湖区,2年经验,生物医学工程,没有学历要求,周末双休，带薪年假，五险一金，交通补贴，专业培训，绩效奖金，通讯补贴，节日福利,学历要求：大专及本科以上，药学、生物工程专业；;1、不断开拓业务渠道，保持与客户的良好关系，建立和维护客户档案；;2、负责各区域的样本接收；;3、收集一线营销信息和用户意见，对公司营销策略、售后服务、产品改善、新品开发等提出参考意见；;4、参加公司组织的销售会议，定期上交工作汇报；;5、协调公司内部资源，提高客户满意程度；;6、完成领导安排的其他事项。,民营公司,少于50人,检测，认证salary,cname,pname,dlink,workplace,experience,publictime,education,welfare,requirement,nature,scale,ctype3.5-6千/月,杭州信达国际旅行社有限公司,在线客服 淘宝客服,https://jobs.51job.com/hangzhou-xcq/110783049.html?s=01&t=0,杭州-下城区,无工作经验,08-11发布,没有学历要求,绩效奖金，全勤奖，节日福利，专业培训，住房补贴,我社电商部发展迅速，因业务需要，招聘旅行社淘宝店客服和店长。;工作内容：在线跟进、产品上架和更新、客户维护、辅助运营等。;尤其是跟单转化，能黏住客户，让客户多下单，这方面能力突出者优先录用。;薪资：2500底薪+500奖金+200津贴+月度评选200+最高15%的提成，另加年终奖和优秀员工奖励旅游！;公司员工福利，为解决杭州租房难、租房贵的问题，实行员工租房补贴（先到先得）！;要求：;认真踏实，能吃苦；;能在一个岗位上，稳定做下去。;有早晚班，晚班可以在家上 不用到公司。;有电商经验或者旅行社工作经验的，优先录用！;联系人：陈经理15268550278,民营公司,少于50人,酒店/旅游,互联网/电子商务salary,cname,pname,dlink,workplace,experience,publictime,education,welfare,requirement,nature,scale,ctype6-8千/月,沈阳振维文化艺术交流有限公司,
				化妆师（薪资6000-8000）								,https://jobs.51job.com/hangzhou-yhq/115995278.html?s=01&t=0,杭州-余杭区,无工作经验,08-11发布,没有学历要求,餐饮补贴，五险一金，全勤奖，加班补贴，绩效奖金，定期团建,1、拍摄前与客户进行沟通，了解客户的喜好及适合的风格；; 2、结合顾客所选服装，为客户设计合适的造型，包括妆面、发型、配饰等； ;3、主要负责亲子妆面设计;任职要求：;1、化妆技术过硬，有较强的审美时尚感； ;2、善于沟通，有亲和力，能满足顾客的需求。;薪资福利:;1.底薪＋高提成＋餐补+加班补助+全勤奖;2.定期团建;3.老板很奈斯 ,民营公司,50-150人,公关/市场推广/会展salary,cname,pname,dlink,workplace,experience,publictime,education,welfare,requirement,nature,scale,ctype0.8-1万/月,陕西华诺睿杰商贸有限公司,销售代表,https://jobs.51job.com/hangzhou-xhq/116080770.html?s=01&t=0,杭州-西湖区,2年经验,08-11发布,大专,做五休二，节日福利，专业培训，带薪年假,1、负责生活服务类软件及硬件的地面销售，对接所辖区域内的商户，进行服务升级；;2、根据公司下达的销售目标，针对不同商户制定不同的销售策略，通过个人的努力，完成业绩。;岗位要求：;1、具备一年以上面销经验；;2、个性开朗，学习能力和适应能力强，具备在压力下完成任务的能力；;3、热爱销售，善于挑战，有强烈的成功欲望和企图心，勇于挑战高薪；;4、为人正直、诚信、吃苦耐劳，对工作有激情，具有团队精神。,民营公司,50-150人,贸易/进出口,计算机软件salary,cname,pname,dlink,workplace,experience,publictime,education,welfare,requirement,nature,scale,ctype500元/天,中山市杰凡亚服饰有限公司,
				新人网拍试衣模特/可微胖								,https://jobs.51job.com/hangzhou-gsq/116074786.html?s=01&t=0,杭州-拱墅区,无工作经验,08-11发布,没有学历要求,弹性工作，绩效奖金，节日福利，专业培训,岗位要求：;1、如服饰 鞋帽、精品、首饰，彩妆，袜子，饰品等等对身高没有要求;2、女身高150cm以上，年龄18-45，长相以清纯可爱为主，对化妆品不过敏（追求时尚）;3、男身高170cm以上，年龄18-26，（敢于表现有镜头感）;工资日结 .我们承诺你的工作是健康、安全、正规、合法的。本公司是正规直招公司;，请各位有意者放心咨询参加;有责任心，无需经验没要求，只要你爱美，爱时尚，有业余的时间都可以大胆尝试，男女均可;我们是正规直招公司，不收取任何押金、培训费、报名费、推广费等等，这个您不用担心，面试成功当天就可以工作，公司希望来应聘的人员都是为兴 趣爱好，为自己的前途发展而来。;工作时间：利用放假、休息的业余时间来工作的，有活动安排我们提前1-2天通知（在这几天抽出1-4个小时来工作就可以了）。薪酬根据活动大小时间而定，完工当天结算.,民营公司,50-150人,服装/纺织/皮革,影视/媒体/艺术/文化传播salary,cname,pname,dlink,workplace,experience,publictime,education,welfare,requirement,nature,scale,ctype0.8-1万/月,浙江链家房地产经纪有限公司,M-高端房产销售/底薪4K+提成+带薪培训,https://jobs.51job.com/hangzhou-xcq/112333494.html?s=01&t=0,杭州-下城区,无工作经验,08-11发布,大专,五险一金，专业培训，带薪年假，高温补贴,链家集团2001年创立于北京，是一家集地产经纪、互联网科技、地产金融、资产管理于一体的集团企业，是具有全产业链服务能力的房产020平台。 ;杭州链家房地产经纪有限公司创立于2012年，是链家集团旗下杭州分公司。 杭州链家起步高端，面向杭州市民及企事业单位提供不动产交易、房屋租赁、营销代理、资产管理和地产金融业务等服务。;---------------------------------------------------------------------------------;【;】;二手房中介服务的客户群体，都是杭州本土中产阶级以上的群体；;，链家为你提供这样的人脉平台，;【;】;1、新员工入店，熟悉了解所在门店周边的环境，包括门店、小区、街道，周边配套设施等；;2、在店内与客户电话沟通，把手上非常优质的好房子推荐给客户；;3、积累客户与房源资源，每天保持联系，维护关系；;4、详细了解客户的需求点，根据客户意向，带客户看房并进行房子优劣势分析；;5、与房东客户进行三方面谈，促成房子成交；;6、为客户提供优质的全程服务。;【;】;1、一个积极上进充满正能量的团队；;2、毕业不等于失业，买车买房不是梦；;3、钱多事少离家近就这么任性，全杭州300家门店任你选；;4、丰富生活快乐工作；;5、房客资源全城共享；;6、培训体系环环相扣，阶梯培训节节受益，最快十天轻松上岗；;7、抢先一步领先一路，应届毕业生6个月即可晋升管理岗；;8、强大后勤服务体系，让你再无后顾之忧。;【;】;1、;，热爱销售工作；;2、善于沟通，有较强的语言表达能力；;3、有较强的进取心、学习能力，勇于挑战自我，不甘平庸；;4、有较强的服务意识，诚实正直，吃苦耐劳。;【;】;+实习生等同正式工待遇+社保+商业保险（补充医疗、意外伤害）；精英人员享有月度精英宴、人民大会堂国宴、周年庆定制礼物，享有免费出国游；;【;】;面试地址：杭州市萧山区广孚联合国际中心九楼，最近地铁站：钱江世纪城B出口,民营公司,1000-5000人,中介服务,租赁服务salary,cname,pname,dlink,workplace,experience,publictime,education,welfare,requirement,nature,scale,ctype6-8千/月,浙江葫芦娃网络集团有限公司,
				电子合同顾问								,https://jobs.51job.com/hangzhou-jgq/110504044.html?s=01&t=0,杭州-江干区,无工作经验,08-11发布,大专,五险一金，员工旅游，专业培训，出国机会，绩效奖金，年终奖金，全勤奖,：;1、负责潜在新客户开发、老客户维护等工作；;2、通过与客户的沟通，挖掘客户的需求，提供电子合同解决方案，完成认证审核签单；;3、负责客户电话和网络回访、跟进及处理客户售后问题等。;1、专科及以上学历，专业不限，市场营销、工商管理等相关专业优先；;2、踏实勤奋，具备抗压能力，有较强的责任意识，工作要性强；;3、普通话标准，办公软件操作熟练，有较强的沟通能力、学习能力，具备团队合作精神；;4、热爱互联网行业，对互联网有一定的了解，有相关实习/工作经验优先；,民营公司,150-500人,互联网/电子商务salary,cname,pname,dlink,workplace,experience,publictime,education,welfare,requirement,nature,scale,ctype0.8-1万/月,浙江健煦环境科技有限公司,
				诚聘销售精英高薪+高提成								,https://jobs.51job.com/hangzhou-jgq/107536665.html?s=01&t=0,杭州-江干区,无工作经验,08-11发布,中专,,急！急！急!  诚聘销售精英;买房买车不是梦，百万年薪等你来！;只要你敢拼，只要你敢闯，健煦给你广阔的空间，丰厚的收入;工作内容：家庭，办公室，学校，医院，酒店等新装修的室内空间除醛；新车，正常车辆，新改装车，车内新增饰物部件等除甲醛产品的销售;日常衣物及布料等，贴身及婴幼儿衣物的除醛产品销售;1、年龄19-40岁，高中及大专以上学历，具备较强的快速学习能力，勤奋，积极向上，热爱销售工作；;2、性格外向，待人热情，反应敏捷，具备较强的沟通能力，交际技巧和亲和力，以及较强的语言表达能力；;3、能吃苦耐劳，具有较强的抗压能力和团队协作精神，同时有较强的进取心、学习能力，勇于挑战自我，不甘平庸；;4、有较强的服务意识，诚实正直，保持与客户的沟通联系，为客户提供专业的产品介绍，市场分析和优质服务。;5，有装饰公司，房地产公司经验的优先,创业公司,少于50人,环保salary,cname,pname,dlink,workplace,experience,publictime,education,welfare,requirement,nature,scale,ctype4-8千/月,杭州迪埃欧教育咨询有限公司,销售顾问,https://jobs.51job.com/hangzhou/115743492.html?s=01&t=0,杭州,无工作经验,08-11发布,高中,带薪年假，绩效奖金，节日福利，专业培训，交通补贴，餐饮补贴，通讯补贴，五险，年终奖金，员工旅游,岗位职责;1、负责公司前台接待及电话接转；能独立处理和解决所负责的任务；管理客户关系，完成销售任务；;2、基于公司提供的***，通过电话、微信等与客户沟通，了解学生情况，安排试听课，促进课程的购买；;5、和其他同事良好协作，完善服务质量，能吃苦耐劳、善于沟通，具有团队精神；;6、具有亲和力，面对家长和孩子细心和耐心，与学员建立良好稳定的关系；;7、会基本的电脑操作和学习能力；;8、负责各级主管交办出差安排等各项工作；;9、完成上级交给的其它事务性工作。;任职资格;1、专科以上学历；;2、工作热情积极、细致耐心，具有良好的沟通能力、协调能力，性格开朗，相貌端正，待人热诚；;3.  良好的客户服务意识；有责任心，能承受较大的工作压力，团队意识强。;4.  欢迎应届毕业生！,民营公司,50-150人,教育/培训/院校,娱乐/休闲/体育salary,cname,pname,dlink,workplace,experience,publictime,education,welfare,requirement,nature,scale,ctype4.5-6千/月,杭州汉瑞电子有限公司,前台,https://jobs.51job.com/hangzhou-xhq/115270434.html?s=01&t=0,杭州-西湖区,1年经验,08-11发布,大专,节日福利，五险，餐贴,1、会议室使用管理：做好会议前后的准备清理工作。;2、对来访客人做好接待、登记、引导工作，及时通知被访人员。;3、关注公司各处饮水机水量情况，及时联系送水，妥善保管好水票。;4、严格执行上级领导安排的其他工作事宜。;任职要求;1.大专以上学历，专业不限。;2.会熟练使用EXCEL等办公软件。;3.有一定的经验者优先。;工作时间：周一至周六 8:00-17:00,民营公司,50-150人,电子技术/半导体/集成电路salary,cname,pname,dlink,workplace,experience,publictime,education,welfare,requirement,nature,scale,ctype4-7千/月,南京亿咖科技有限公司,余杭区包住：客服（纯接听）4000-7000,https://jobs.51job.com/hangzhou-yhq/116078496.html?s=01&t=0,杭州-余杭区,无工作经验,08-11发布,大专,五险一金，节日福利，绩效奖金，全勤奖，做五休二，弹性工作，带薪年假,1、接听咨询电话，通过电话为客户提供咨询、售后、投诉处理等服务；;2、记录、跟踪客户问题，总结整理相关的客户服务资料；;3、跟进用户售后问题，及时给予处理进度及需求支持；;4、进行各类用户活动的支持及宣传; ;【职位要求】;男女不限18--30岁（暑假工勿扰），大专以上学历，沟通能力强，有客服经验优先；; ;【薪资待遇】;底薪3000、3500、4200三个档次，另外加1000-2400绩效。;综合收入4000-7000，六险一金，可以提供住宿，水电自理，10元/天饭补，加班免费晚餐；; ;【工作时间】;早班：9点-18点 晚班：12点-21点，做五休二; ;杭州市余杭区五常大道165号靖源国际,合资,1000-5000人,互联网/电子商务,通信/电信运营、增值服务salary,cname,pname,dlink,workplace,experience,publictime,education,welfare,requirement,nature,scale,ctype160元/小时,大连辽东商贸有限公司,会计/销售文员打字录入/在线做160元/时,https://jobs.51job.com/guangzhou-byq/116079928.html?s=01&t=0,广州-白云区,无工作经验,08-11发布,没有学历要求,应聘加QQ，1613436410,请仔细阅读我们的招聘内容！;本岗属于业余时间即可工作，不同于以往的客服工作，请仔细阅读。;任职要求：;1、会基本的手机应用操作。;2、会使用聊天软件。;3、基本的学习能力。;二、工作内容：;主要工作是简单下载苹果和安卓手机软件，按照要求操作。;本工作不一定需要很高的学历，主要看你个人能力。;工作简单稳定，公司的培训是免费提供的，有无经验均可，新手可迅速适应。;三、全国各地均可工作：;工作时间和地点可自由分配，需要自己有上网条件即可，远程办公，无需坐班。;五、薪资待遇：;每日300-800，会用智能手机就可加入，适合任何人。,民营公司,少于50人,贸易/进出口salary,cname,pname,dlink,workplace,experience,publictime,education,welfare,requirement,nature,scale,ctype1-1.5万/月,杭州麦苗网络技术有限公司,急聘销售代表（双休+五险一金）,https://jobs.51job.com/hangzhou-xhq/110993501.html?s=01&t=0,杭州-西湖区,无工作经验,08-11发布,大专,弹性工作，带薪年假，五险一金，节日福利，绩效奖金，做五休二，年终奖金，股票期权,不要被生活所捆绑，勇于迈出你的第一步！敢于挑战！敢于奋斗！;即刻起，点亮你的生活，从这一份工作开始！;【岗位职责】;1. 利用电话等聊天工具与淘宝卖家联系沟通介绍公司电子商务代运营服务；;2. 对客户店铺进行分析，做好市场信息的收集、整理和反馈；;3. 利用公司各类相关产品资源优化组合，为客户提供电商优化的发展方案；;4. 根据市场营销计划，开拓新市场并发展新客户，完成部门销售指标；;5. 管理维护与客户间的关系，以促进与客户的长期战略合作。;【任职要求】;1. 有相关销售经验者优先考虑；;2. 市场营销、电子商务、计算机技术等相关专业优先考虑；;3. 熟悉WORD、EXCEL、PPT等OFFICE办公软件；;4. 性格开朗，语言表达能力强，有良好的客户沟通能力和开拓精神；;5. 热爱销售工作，较高的销售热情，一定的压力承受能力，良好心理素质。;富有竞争力的薪资和丰厚的福利待遇——五险一金、双休、午餐补贴、节假日福利、一年2次集体旅游、季度绩效、年终奖金、期权激励……;广阔的职业发展空间 你将有机会与一个强大的团队在前景广阔的平台携手打造辉煌的明天！;完善的培训体系 公司高度重视人力资本的持续增值，为员工提供丰富的培训与学习机会，提供完整系统的带薪培训，为每位同事指定导师，一对一帮助新同事解决工作、生活上的难点，为您提供一个既有成长与精彩又有挑战和温馨的发展平台。;年轻而富有朝气的团队 公司团队年轻而富有朝气，员工平均年龄27岁。公司营造相互学习，积极进取，锐意创新的气氛。年轻、简单、快乐的人际环境，可以让你舒心的做好本职工作。;富有互联网特色的福利待遇 下午茶时光休闲区、桌上足球、Xbox、生日会、活动经费、庆祝会，不定期篮球赛、Dota大战、Lol大对决等各种好玩儿的娱乐项目……,民营公司,150-500人,互联网/电子商务salary,cname,pname,dlink,workplace,experience,publictime,education,welfare,requirement,nature,scale,ctype1-1.5万/月,杭州袋虎信息技术有限公司,
				网络销售顾问（线上心理咨询月均收入10000+）N								,https://jobs.51job.com/hangzhou-bjq/108337895.html?s=01&t=0,杭州-滨江区,1年经验,08-11发布,大专,带薪年假，五险一金，节日福利，专业培训，交通补贴，餐饮补贴，通讯补贴，团队聚餐，环境高大上，美女多多, 2015年的8月，在中国的心理服务行业内诞生了一颗新星——壹点灵（APP：壹点灵）。壹点灵致力于打造全球最专业的心理服务平台，通过运用专业心理咨询技术，解决大众在婚姻情感、孩子教育、职业发展、情绪压力等日常工作或生活中遇到的各种问题。截止2018年10月，已完成A+轮数千万融资，集聚全球心理学专家与咨询师1万多名，服务用户超过300万人，付费服务时长超过2亿分钟，公益服务时长超过120万小时，危机干预超过600多起，15多万存在问题的家庭重获幸福快乐。;“聚一群匠人，干一件善事。” 希望有更多志同道合、热爱心理学的伙伴加入我们的团队，一起做一份有爱的事业，让这个世界更加温暖幸福。;1、如果你相信奇迹，我们是同类。;2、如果你想人生做点对社会有意义的事，我们是同类。;;【岗位职责】;1、对线上客户咨询问题作出详细解答，挖掘与分析客户的潜在需求，匹配合适的心理咨询师对客户进行服务，完成跟踪并完成付费;2、回访客户，对客户进行有效管理与沟通，维护客情关系;3、根据公司整体销售计划，达成个人销售目标;【任职资格】;1、能力比学历重要，只要你是有能力者，够自信，能够对未来充满信仰，充满激情;2、看好线上心理咨询未来高速发展趋势，对心理咨询有强烈的兴趣;3、开朗自信，普通话标准流利，思路清晰有耐心，亲和力强;4、能适应轮休工作安排，具有吃苦精神且上进心强，有责任感及良好的团队合作意识，敢于挑战高薪;【职业规划】;营销管理通道：专员---主管---经理---总监---事业部总经理;心理专家通道：专员---高级专员---资深专员---专家---高级专家---资深专家---VIP 服务专家;咨询师：2 年专员（考取二级咨询师证书）---1 年初级咨询师--1 年高级咨询师;【薪酬福利】;1、薪酬：基本工资 （3000-5000）+销售提成+各类奖金，月综合收入 10000 以上，销售可是看提成哟~多做大单、多积累业绩才是王道，每年四次涨薪机会；;2、福利：基础福利外，带薪年假、优秀员工出境游、每月团建活动、生日及假日礼品等；;3、激励：每年一次合伙人选拔机制（股权激励）;【福利待遇/晋升机会】;1.我们是年轻创业型公司，爱工作也爱玩，各种团建各种疯狂，还为吃货们准备下午茶；当然你有更好玩的idea一定要提出来哦；;2.依照国家规定为员工缴纳社会保险；;3.员工享有带薪年假、病假、产假、婚丧假；享受国家规定的法定节假日；带薪年假；节日补贴礼品或奖金；;4.高级商务楼办公，舒适温馨的工作环境，快乐高效的工作氛围，环境优美，空气清新，设有冰箱、微波炉等，工作之余来个丰盛的DIY大餐；;5.完善、公平、透明的晋升通道；对于业绩优秀的客户顾问,将有机会晋升为销售部的中高层管理人员。 公司目前提供三种职业晋升通道：;管理通道：专员---主管---经理---总监---事业部总经理;专家通道：专员---高级专员---资深专员---专家---高级专家---资深专家---VIP服务专家;咨询师通道：2年专员（考取二级咨询师证书）---1年初级咨询师--1年高级咨询师;6.无需外出跑业务，无需业务成本；;7.公司会提供系统的培训，完善的专业培训体系，一系列提升岗位技能的培训课程！只要你肯用心学习，各项技能，你都能轻松get。每个月定期还有吉林大学、温州大学等知名学院心理学教授的讲课，心理分析专业能力也是蹭蹭蹭的往上升，无论是帮助自己还是朋友，都可以帮助他们解决心理上的困惑。,民营公司,500-1000人,互联网/电子商务,教育/培训/院校salary,cname,pname,dlink,workplace,experience,publictime,education,welfare,requirement,nature,scale,ctype6-8千/月,杭州育泰教育科技有限公司,小学老师,https://jobs.51job.com/hangzhou-gsq/116080915.html?s=01&t=0,杭州-拱墅区,无工作经验,08-11发布,本科,,,民营公司,少于50人,互联网/电子商务,教育/培训/院校salary,cname,pname,dlink,workplace,experience,publictime,education,welfare,requirement,nature,scale,ctype0.8-1万/月,杭州极麦科技有限公司,
				网络销售，等一个有梦想的你								,https://jobs.51job.com/hangzhou-yhq/99097905.html?s=01&t=0,杭州-余杭区,无工作经验,08-11发布,大专,带薪年假，五险一金，专业培训，餐饮补贴，加班补贴，节日福利，弹性工作，绩效奖金,你需要做？;1、在办公室，使用公司网络平台，QQ/微信等，线上解答客户咨询和疑问，服务客户，维护客户关系，指导客户开通账户，协助入金操作！工作就这么轻松！;2、此岗位所有客户资源由公司提供！公司有足够的数据支持，不必自己寻找客户名单。而且都是客户主动咨询的！;你要具备？;1、无需行业经验，需要对金融感兴趣，有强烈的赚钱欲望！！！;2、有好学精神，有为客户服务的意识。;3、我们是一个有活力创新的团体，希望你是大专以上学历，阳光、自信的90后！;4、互联网时代，陌CALL已经淘汰，需要喜欢互联网，熟练使用QQ、微信沟通工具！;你会得到？;1、薪资结构：无责任底薪+高额提成+丰厚奖金，公司60%员工薪资7000+！你的高薪不是梦~;2、晋升快:员工-见习主管-主管-经理-总监；;3、员工结婚生育赠现金礼金。;4、每月员工生日party，生日礼物、户外拓展，聚餐、唱K，公司还提供住宿，环境优越，给你家的感觉~;5、带薪年假15天，享有国家法定节假日！;6、不管你懂不懂金融，公司都提供专业、系统的岗前培训（培训期间享受补贴），以及在职提升培训，一切培训皆免费！机不可失失不再来！,民营公司,150-500人,互联网/电子商务,计算机软件salary,cname,pname,dlink,workplace,experience,publictime,education,welfare,requirement,nature,scale,ctype1-1.5万/月,浙江同花顺投资有限公司,同花顺上市公司金融销售/12K月薪/接受应届生,https://jobs.51job.com/hangzhou-yhq/104315908.html?s=01&t=0,杭州-余杭区,无工作经验,08-11发布,没有学历要求,带薪年假，五险一金，免费班车，节日福利，免费健身房，高品质咖啡，五星办公环境，免费中晚餐，绩效奖金，专业培训,工资随便你开，上司随便你叼，只要你够牛！;精准资源供你挑选，正规平台1-3月理财业绩无忧！;超预期职业发展，没有压迫，鼓励员工冲击更高职位！;再看各种虐心福利都有啥;一、薪资待遇：无责底薪4000-4700元/月+中晚餐免费提供（菜品质量市场价值大于等于15元/餐，每月约提供25天）+高额提成;月均1.2W起二、超预期的职业规划;1、专业线：初级顾问→高级顾问→首席顾问→金牌顾问;2、管理线：投资顾问—储备主管—销售主管—销售经理;3、跨部门晋升：如培训主管、大客户经理等（积累自己的专业知识，将来还可转向投资顾问哦。）;三、福利保障：您的权益我来保驾护航;1、五险一金：养老、医疗、失业、工伤、生育；公积金；;2、全天候健身房：完善的健身器材；;3、工作日班车接送：再也不用担心挤不上公交了；;4、免费员工食堂：为员工提供免费午餐和晚餐；;5、福音：国内外所有节日都过、好声音大赛、休闲娱乐high翻天。;那么我们希望你是;1、18-30岁，口齿清晰，普通话流利，语音富有感染力；;2、对销售工作有较高的热情；;3、具备较强的学习能力和优秀的沟通能力；;4、性格坚韧，思维敏捷，具备良好的应变能力和承压能力；;5、有敏锐的市场洞察力，有强烈的事业心、责任心和积极的工作态度，有相关工作经验者优先。;人力资源部;联系人：胡经理;座机电话：总机0571-88911818；分机转8167;手机（微信同号）：17305819623QQ：3005280903（麻烦备注名字+应聘岗位）,上市公司,1000-5000人,互联网/电子商务,金融/投资/证券salary,cname,pname,dlink,workplace,experience,publictime,education,welfare,requirement,nature,scale,ctype0.8-1万/月,杭州赛玖信息技术有限公司,网络销售 逼自己一把，你就成功了（接受应届生）,https://jobs.51job.com/hangzhou/93516828.html?s=01&t=0,杭州,无工作经验,08-11发布,没有学历要求,专业培训，绩效奖金，餐饮补贴，五险，弹性工作，带薪年假，节日福利，全勤奖,1、通过网络方式开发客户、推广投资理财产品；;2、不断开发新客户，维护老客户，与客户建立长久合作关系；;3、根据部门工作指标，按时，保质，保量完成工作任务；;1、年龄18-30岁，学历要求不限，期待你的加入；;2、反应敏捷、表达能力强，具有较强的沟通能力及交际技巧，具有亲和力；;3、具备一定的市场分析及判断能力，良好的客户服务意识；;4、有责任心，能承受较大的工作压力；;5、有团队协作精神，善于挑战。;1、使用期1-3个月：底薪无责3200+提成+奖金; 转正后：无责底4000+高额提成+奖金，上不封顶。;2、带薪培训，岗前培训、不定期的在岗培训、产品知识培训、销售技巧培训、管理技能培训、职业拓展训练等，全面提升销售竞争力。;3、入职后有专人教授销售技能，以团队形式开展销售工作。;4、集团公司每年会有两次以上的国内国际旅游，公司内部不定期聚会、野外生存、户外拓展训练、假日旅游、生日party、带薪年假……;5、为员工提供职业生涯指导及创业平台，为每位员工提供广阔的晋升空间，为员工营造快乐的工作氛围及轻松的人际关系。;6、每年有2-3次的国内外旅游。;公司周围交通便捷、生活便利；;团队成员年轻有活力，氛围轻松、愉悦，管理人性化。;公司发展正处于用人之际，欢迎各位有想法、有拼搏精神、来自四面八方的小伙伴加入我们的团队，共谋发展！;工作地址：余杭区仓前街道（公司提供套房式住宿）,民营公司,500-1000人,金融/投资/证券,多元化业务集团公司salary,cname,pname,dlink,workplace,experience,publictime,education,welfare,requirement,nature,scale,ctype6-8千/月,杭州益计算科技有限公司,高薪（网络销售） 带你C位出道,https://jobs.51job.com/hangzhou-yhq/104613328.html?s=01&t=0,杭州-余杭区,无工作经验,08-11发布,高中,带薪年假，五险一金，绩效奖金，全勤奖，节日福利，专业培训，交通补贴,亲爱的，你有问过自己吗？;你是想要一份工作还是想拥有一份全情投入的事业？;你是想要平淡安稳度日还是想要在百舸争流中觅得一席之地？;如果你想通过自己的努力和才华，给自己和家人一个理想中的生活，益计算和你一起梦想成真;如果你想N年之后，成为今朝“风流人物”，成就自我，益计算陪你全力以赴。;加入益计算，我们不会编织梦想，因为我们就是梦想。;1、年龄18-26周岁，只要是人才有没有经验我们统统都收；;2、学习力强，积极向上,希望和一群文化价值观OPEN、正直、进取的人一起奋斗；;3、喜欢与人交流，有强烈成就动机，敢于挑战高薪，认可付出 = 收获的理念；;4、性格坚韧，战斗力超强，具备在困难、挫折、艰苦的逆境中生存的能力；;5、欢迎优秀应届毕业生加入我们！;1、公司给予的客户资源，通过电话、网络在线沟通完成老客户的维护和新客户的开发；;2、公司自有的客户服务平台，你只需按流程去执行，维护好客户促进成交。;3、为客户提供高品质的服务和有价值的建议，树立公司的专业品牌形象，建立良好的长期合作关系。;4、你不再单枪匹马，公司同仁帮你一起协助完成订单。;1、收入是不封顶的：新人试用期无责底薪3200元，转正后3700-4000元+高额提成+奖金;2、培训是免费的：没经验？No Problem！公司提供专业系统的带薪培训（小白大礼包）;3、晋升是不拼爹的：不定期举行公开公正的晋升考核，有能力你就升！;普通员工 → 储备主管 → 主管 → 市场经理 → 区域总监;福利是你想不到的：带薪年假、员工旅游、野外拓展，生日会让你生活工作两不误；助你有效的完成工作！;工作地址余杭区仓前街道（阿里巴巴附近）,民营公司,150-500人,互联网/电子商务,公关/市场推广/会展salary,cname,pname,dlink,workplace,experience,publictime,education,welfare,requirement,nature,scale,ctype6-8千/月,台州银行股份有限公司杭州分行,
				驾驶岗				(职位编号：000851)				,https://jobs.51job.com/hangzhou/116081014.html?s=01&t=0,杭州,5-7年经验,08-11发布,没有学历要求,,1、负责车辆安全驾驶、保养、保洁；;2、负责分行大楼车辆管理及公配车管理； ;3、协助做好食堂等各项工作。;高中及以上学历，45周岁以下，持准驾车型B1（含）以上驾照，并有5年以上驾驶工作经验；能熟练使用计算机及office软件；浙江省内户籍。;退伍军人或有领导驾驶员工作经历者优先考虑。,民营公司,500-1000人,银行salary,cname,pname,dlink,workplace,experience,publictime,education,welfare,requirement,nature,scale,ctype6-8千/月,杭州闹海房地产经纪有限公司,O无经验实习销售代表+底薪4k+培训+月季晋升+协助住宿,https://jobs.51job.com/hangzhou-jgq/116003750.html?s=01&t=0,杭州-江干区,无工作经验,08-11发布,大专,五险一金，交通补贴，员工旅游，出国机会，通讯补贴，绩效奖金，弹性工作，包住宿,待业毁一生，啃老穷三代。若你来链家，必成高富帅，空调加电脑，wifi全覆盖，***都很帅，妹纸很可爱，上级很亲切，下级也萌cry。底薪5000起，提成无上限，一年跑车开，三年住豪宅。一份选择、一份收获、来链家地产绝对不一样！ ;    ;    ;【薪资待遇】;    ;1、底薪5000-6000;    ;2、;    ;3、优秀员工可享受季度旅游奖励、租房补贴、购房优惠、商业保险、定额的通讯及交通费补贴等公司福利.;    ;4、符合条件的员工，可享受公司面对全员的股权激励计划;    ;5、完善的职业晋升计划及空间（置业顾问 店组经理 商圈经理 区域总监 分公司总经理）；;    ;6、全面房产业务知识培训(房地产法规，交易按揭流程，营销实战技巧等)；;    ;7、杭州地区近300家门店，可根据应聘者家住地址，就近安排上班地点。;    ;    ;【岗位职责】;    ;1.在门店内工作，以网络、电话拜访的方式与客户沟通，了解和发掘客户需求，为客户提供专业的置业咨询服务；;    ;2.根据客户需求推荐合适房源，陪同客户实地了解房源和介绍沟通；;    ;3.为符合意向的客户协调买卖双方关系，达成一致后作为第三方为双方签订居间合同4.为客户提供良好的售后服务，维系客户关系。;    ;    ;【职位要求】;    ;1.有强烈成功渴望(谁都渴望成功、但你渴望的度有多强)，不服输者或（有创业经验）;    ;2.有很强的人格魅力，意志坚定，漠视挫折（工作业绩突出者）；;    ;3.不甘于平庸、平凡者；;    ;4.年龄：20至35周岁；学历：统招大专以上；语言：普通话良好；;    ;5.有进取心，有目标和动力，具有向高薪挑战的信心. 具有强烈的团队精神；;    ;6.表达能力、沟通能力良好，身心健康，积极乐观，诚信可靠。;    ;    ;    ; 李小姐;    ;    ;    ;    ;    ;    ,民营公司,500-1000人,中介服务salary,cname,pname,dlink,workplace,experience,publictime,education,welfare,requirement,nature,scale,ctype4.5-8千/月,杭州塔莎网络科技有限公司,淘宝直播（园艺达人）,https://jobs.51job.com/hangzhou-bjq/106890575.html?s=01&t=0,杭州-滨江区,无工作经验,08-11发布,没有学历要求,员工旅游，年终奖金，绩效奖金，专业培训，带薪年假,1、通过淘宝直播负责与观众、粉丝进行互动，结合产品情况独立完成直播内容，活跃直播间氛围，增加粉丝数量与粘性；;2、直播前对所售商品的内容、价格、卖点、诉求、外观及商品组合等有深入了解；通过直播进行产品介绍、客户答疑、促销讲解，促成直播订单成交；;3、与店铺运营沟通，对接产品直播需求，确保各项信息的时效性和正确性；配合淘宝官方，定期策划、组织各种活动；;4、通过市场调查、了解熟悉商品竞品的价格、功能、特点、外观、客户群体诉求等信息，做出分析提炼公司销售商品卖点；;1、具有粉丝互动能力，具有营销策划意识和品牌导入思维，有一定的文字功底，具备较强的语言表达能力和镜头表现能力；；;2、有园艺专业背景，了解家庭花卉养护；;3、具有较高的执行力，自主性较高，抗压能力和责任心强；;4、直播时间：下午1点到晚上10点;5、直播场地：公司直播角、塔莎花园、大棚基地（嘉兴海宁）;塔莎，只为遇见热爱园艺的你！,民营公司,50-150人,互联网/电子商务salary,cname,pname,dlink,workplace,experience,publictime,education,welfare,requirement,nature,scale,ctype3-4.5千/月,杭州自动化技术研究院有限公司,电子装配工 (职位编号：003),https://jobs.51job.com/hangzhou-yhq/113352636.html?s=01&t=0,杭州-余杭区,无工作经验,08-11发布,高中,五险一金，员工旅游，交通补贴，餐饮补贴，定期体检，绩效奖金，年终奖金,;;,民营公司,50-150人,计算机硬件,计算机软件salary,cname,pname,dlink,workplace,experience,publictime,education,welfare,requirement,nature,scale,ctype0.8-1万/月,杭州源亿科技发展有限公司,
				不上梁山非好汉好汉都做：实习生储干								,https://jobs.51job.com/hangzhou-yhq/94849345.html?s=01&t=0,杭州-余杭区,无工作经验,08-11发布,大专,交通补贴，全勤奖，通讯补贴，加班补贴，节日福利，专业培训，绩效奖金,想做一个顶天立地的男子汉吗？;想像吴用一样聪明在客户间上善若水长袖善舞吗？;又或者你想像柴进、卢俊义、宋江那样RICH？;只要你认真学习懂得变通，能够学以致用、举一反三，这些统统不是问题！;还有大把的奖金让你拿到手软！！实习生储干，光天化日不要笑得太大声了~;【用人标准】;1.18-27周岁，有良好的与人沟通能力；;2.本人热爱销售岗位或想要锻炼自己；;3.有态度，踏实 肯吃苦;4.积极向上，认真学习专业知识；;【福利待遇】;1.无责任底薪3700+高额提成（每月结算，客户累计）+ 大单奖=《回报；;2.定期举办运动会、歌唱比赛、吃货比赛、员工生日派对、户外拓展等活动、家乡特产分享会、公司发放节日礼品、举办节日活动；;3.签订劳动合同，按规定交纳五险；;4.节假日福利，带薪年假，公司定期组织集体活动，不定期举行福利性旅游等；;PS:月奖礼品丰厚，如：ipad、单反相机、iphone手机；;目前公司综合月人均收入7000元以上， 高者到数万元以上，多劳多得。;【个人发展】;1. 岗前培训：新进员工均有2天的岗前基础知识培训；;2. 碎化片学习：一对一搭档，主管、经理手把手为你保驾护航；;3. 技能强化训练：每天早晚均有高手、牛人指点迷津，培训专业知识和基础技能，在实践中逐步提升能力，定期举行集体强化培训；;★ 销售管理发展路线：销售顾问—储备主管—销售主管—销售经理—销售总监；;工作时间：周一至周五 9:00-17:30，周六9:00-15:30，午休1.5个小时。;【择优入取】投了简历的请记得保持电话畅通，并留意简历中留下的邮箱信息，公司人事部会尽快与您联系！;工作地址：杭州余杭仓前,民营公司,150-500人,计算机软件salary,cname,pname,dlink,workplace,experience,publictime,education,welfare,requirement,nature,scale,ctype500元/天,西安赐金宇凡商贸有限公司,软件测试,https://jobs.51job.com/hangzhou/116079792.html?s=01&t=0,杭州,1年经验,08-11发布,中专,弹性工作，年终奖金，员工旅游，出国机会,任职资格 ：;1、电脑手机操作熟练，脑袋灵活。;2、良好的沟通、分析能力及团队合作精神，工作认真，责任心强。;3、每天至少有1个小时，来测试软件。;待遇：;1.工作时间地点灵活，可自由安排。;2.每天300-800，工作完成即可结算;欢迎投递简历，我们会快速与您联系!,民营公司,少于50人,贸易/进出口salary,cname,pname,dlink,workplace,experience,publictime,education,welfare,requirement,nature,scale,ctype3-4.5千/月,深圳飞鸟电子商务有限公司,
				电商运营实习生（HZ）								,https://jobs.51job.com/hangzhou-xhq/116081149.html?s=01&t=0,杭州-西湖区,无工作经验,08-11发布,本科,弹性工作，带薪年假，节日福利，专业培训，全勤奖，加班补贴,岗位职责：;1、负责与天猫/飞猪店铺对接、沟通，整体规划、营销、客户关系管理等系统运营工作；;2、负责天猫/飞猪店铺的日常工作管理、产品上架、推广、营销等经营工作，保证店铺正常运作；;3、协助执行及配合公司、店铺各项营销活动，协调客服、设计、品牌方资源，推动活动方案；;4、负责监控店铺的各项数据，对相关的数据进行处理分析；;5、完成领导交代的其他运营工作。;应聘条件：;1、2020届/2021届全日制本科及以上学历的应届毕业生，专业不限；;2、在校期间成绩优良并积极参与各项社会活动，有相关OTA运营经验优先考虑；;3、有志投身于旅行服务行业，认同飞鸟简单、专业、成长、快乐的核心价值理念；;4、具备良好的沟通、组织协调能力和团队合作精神，以及较强的抗压能力；;5、具有创新精神，强烈的自我发展意愿，积极主动，勇于接受挑战，追求卓越。;推荐理由：;1、服务希尔顿、默林集团、香格里拉等国际酒店及旅游度假品牌；;2、能深入接触在线旅游行业及电商行业各项工作，快速上手，不做打杂小白；;所以打算投身于旅游业、酒店业、电商的同学，飞鸟的实习经历和所学知识将会是一个不错的加分项。;我们能提供给你的：;1、高于行业平均水平的日常薪酬；;2、完善的业绩激励机制及年终励；;3、不定期业内学习交流；;4、弹性工作制及人性化服务；;5、全国高星级酒店免费试住机会。;上班时间：上午9:00-12:00；下午13:30-18:00（7.5小时/天），双休,民营公司,50-150人,互联网/电子商务,酒店/旅游salary,cname,pname,dlink,workplace,experience,publictime,education,welfare,requirement,nature,scale,ctype0.8-1.5万/月,瓜子二手车,瓜子高薪车辆采集师,https://jobs.51job.com/hangzhou-gsq/116078580.html?s=01&t=0,杭州-拱墅区,无工作经验,08-11发布,大专,五险一金，弹性工作，节日福利，带薪年假,1、负责二手车经销商、车商客户每日车辆信息的采集；;2、完成车辆采集上架任务；;3、根据公司收车的标准流程，核实收车相关手续；;任职资格：;1、大专以上学历，汽车相关专业；;2、有C1及以上级别驾照及实际驾车经验，对汽车的车辆配置和车型熟悉；;3、工作认真负责，服从安排，责任心强，吃苦耐劳；;有较强的抗压能力，有较强的团队合作意识,民营公司,10000人以上,互联网/电子商务,汽车及零配件salary,cname,pname,dlink,workplace,experience,publictime,education,welfare,requirement,nature,scale,ctype4.5-8千/月,杭州捞派餐饮有限公司,杭州海底捞高薪诚聘服务员,https://jobs.51job.com/hangzhou-gsq/116075885.html?s=01&t=0,杭州-拱墅区,无工作经验,普通话,没有学历要求,五险一金，包住宿，包吃，带薪年假，专业培训，节日福利,一、【招聘岗位】;服务员、传菜员、后厨、保洁、洗碗、实习生等;二、【职位要求】;1．18-45周岁，学历不限；;2．身体状况符合国家餐饮行业标准要求；;3．无不良嗜好和记录，无明显纹身；;三、【薪资标准】;杭州海底捞全勤每月保底工资4000-4500，实行计件工资制，多劳多得，入职后门店根据岗位评定初、中、高级员工，根据不同的城市，员工薪资有所不同，普通员工***可以拿到 10000 元/月，包食宿（入职培训期间除外）。;四、【福利待遇】;1．正式员工入职经店经理审批同意后，报销家庭地址到工作地的硬座火车票及汽车票；享受五险工作满半年公司给予报销办理健康证费用；;2．员工在公司连续工作满一年，可享受带薪年休假，并报销家庭地址到工作地点的往返硬座火车票及汽车票；;3．达到一定条件的员工（夫妻双职工、店经理等）可享有公司提供的住房补贴；;4．凡在公司工作满三年的员工其子女可享受 2000-5000 元/年不等的教育补贴；;5．大堂经理级别员工父母可享受400 元/月的父母补贴；店经理级别父母可享受 1600 元/月的父母补贴；;6．普通员工英才补贴计划（凭全日制本科毕业证书）：普通本科生（含海外本科院校）毕业入职可享受补贴 1200-2000 元/月，补贴 6 个月（店长助理不享受此补贴）。;五、【发展途径】（经竞聘考核后可入职）;途径一：服务员--优秀服务员--大堂/后堂/值班/客户经理--店经理；;途径二：职能部门（财务管理部、技术管理部、市场管理部、信息管理部、采购管理部、品牌管理部等）；;途径三：蜀海公司、颐海公司、微海公司。;六、【面试地址及乘车路线】;面试地址：杭州市拱墅区绍兴路347号华洲创业大楼1号楼5楼509室 (面试请携带本人第二代身份证);乘车路线：附近公交点：绍兴路德胜路口、杨六村、德胜里;地铁一号线到打铁关下车A出口换乘347到绍兴路德胜路口下车,民营公司,10000人以上,餐饮业